name,suburb,rating,review_count_num,delivery_fee,delivery_time_min,delivery_time_max,price_tier,promo_label,promo_type,has_promo,is_sponsored,scraped_at
McDonald's®,Sydney CBD,,,,,,,,No Promotion,0,False,2026-06-09T01:25:56.235935
Hungry Jacks,Sydney CBD,,,,,,,,No Promotion,0,False,2026-06-09T01:25:56.247624
Brothers Kebabs N Burgers Annandale,Sydney CBD,,,,,,,,No Promotion,0,False,2026-06-09T01:25:56.256399
Metro Pita Kebab,Sydney CBD,,,,,,,,No Promotion,0,False,2026-06-09T01:25:56.267278
Metro Kebab & Burgers Kingscross,Sydney CBD,,,,,,,,No Promotion,0,False,2026-06-09T01:25:56.278659
Pyrmont Kebab,Sydney CBD,,,,,,,,No Promotion,0,False,2026-06-09T01:25:56.285357
Golden Five Star Kebabs and Pizza,Sydney CBD,,,,,,,,No Promotion,0,False,2026-06-09T01:25:56.292895
Brew and Bites,Sydney CBD,,,,,,,,No Promotion,0,False,2026-06-09T01:25:56.300947
Oporto,Sydney CBD,,,,,,,,No Promotion,0,False,2026-06-09T01:25:56.312257
Little Weiner,Sydney CBD,,,,,,,,No Promotion,0,False,2026-06-09T01:25:56.319618
Spitz Kebab & Grill KC,Sydney CBD,,,,,,,,No Promotion,0,False,2026-06-09T01:25:56.328035
CK's Canterbury Kebabs & Burgers,Sydney CBD,,,,,,,,No Promotion,0,False,2026-06-09T01:25:56.336901
Philliez,Sydney CBD,,,,,,,,No Promotion,0,False,2026-06-09T01:25:56.345455
Fish&Chips+Chinese Woolloomooloo,Sydney CBD,,,,,,,,No Promotion,0,False,2026-06-09T01:25:56.352755
CK’s Canterbury Kebabs & Burgers Five Dock,Sydney CBD,,,,,,,,No Promotion,0,False,2026-06-09T01:25:56.359624
Social Society Sydney,Sydney CBD,,,,,,,,No Promotion,0,False,2026-06-09T01:25:56.366491
Rap N' Roll,Sydney CBD,,,,,,,,No Promotion,0,False,2026-06-09T01:25:56.375887
Couchfood by bp,Sydney CBD,,,,,,,,No Promotion,0,False,2026-06-09T01:25:56.420779
Ampol Foodary,Sydney CBD,,,,,,,,No Promotion,0,False,2026-06-09T01:25:56.428355
Coles Local,Sydney CBD,,,,,,,,No Promotion,0,False,2026-06-09T01:25:56.451409
Liquorland,Sydney CBD,,,,,,,,No Promotion,0,False,2026-06-09T01:25:56.459103
7-Eleven,Sydney CBD,,,,,,,,No Promotion,0,False,2026-06-09T01:25:56.472662
Reddy Express,Sydney CBD,,,,,,,,No Promotion,0,False,2026-06-09T01:25:56.480098
Foodary,Sydney CBD,,,,,,,,No Promotion,0,False,2026-06-09T01:25:56.487943
Couchfood,Sydney CBD,,,,,,,,No Promotion,0,False,2026-06-09T01:25:56.495637
Ampol,Sydney CBD,,,,,,,,No Promotion,0,False,2026-06-09T01:25:56.502953
Elite Supplements,Sydney CBD,,,,,,,,No Promotion,0,False,2026-06-09T01:25:56.512821
FoodWorks,Sydney CBD,,,,,,,,No Promotion,0,False,2026-06-09T01:25:56.520653
Bunnings Warehouse,Sydney CBD,,,,,,,,No Promotion,0,False,2026-06-09T01:25:56.527339
Decathlon,Sydney CBD,,,,,,,,No Promotion,0,False,2026-06-09T01:25:56.533673
Supamart,Sydney CBD,,,,,,,,No Promotion,0,False,2026-06-09T01:25:56.540268
Metro Thai,Sydney CBD,,,,,,,,No Promotion,0,False,2026-06-09T01:25:56.546810
Huamoom Thai Market,Sydney CBD,,,,,,,,No Promotion,0,False,2026-06-09T01:25:56.553078
New Chilli House,Sydney CBD,,,,,,,,No Promotion,0,False,2026-06-09T01:25:56.559363
Squid Pocha X Chicken V,Sydney CBD,,,,,,,,No Promotion,0,False,2026-06-09T01:25:56.565541
Mr. Chicken House 周大脸鸡蛋灌饼,Sydney CBD,,,,,,,,No Promotion,0,False,2026-06-09T01:25:56.571867
Huamoom Thai Town Restaurant,Sydney CBD,,,,,,,,No Promotion,0,False,2026-06-09T01:25:56.578021
Tiger Pocha,Sydney CBD,,,,,,,,No Promotion,0,False,2026-06-09T01:25:56.591029
Angry BBQ,Sydney CBD,,,,,,,,No Promotion,0,False,2026-06-09T01:25:56.597464
Mad Toppings Randwick,Sydney CBD,,,,,,,,No Promotion,0,False,2026-06-09T01:25:56.602745
Hunger Döner Kebab,Sydney CBD,,,,,,,,No Promotion,0,False,2026-06-09T01:25:56.615429
Sultan's Feast NEWTOWN,Sydney CBD,,,,,,,,No Promotion,0,False,2026-06-09T01:25:56.634976
GeekStar,Sydney CBD,,,,,,,,No Promotion,0,False,2026-06-09T01:25:56.648219
Fat Thaiger,Sydney CBD,,,,,,,,No Promotion,0,False,2026-06-09T01:25:56.654604
Fatima's Lebanese Restaurant,Sydney CBD,,,,,,,,No Promotion,0,False,2026-06-09T01:25:56.661263
Crazy Fried Chicken,Sydney CBD,,,,,,,,No Promotion,0,False,2026-06-09T01:25:56.669698
INDIA TIMES,Sydney CBD,,,,,,,,No Promotion,0,False,2026-06-09T01:25:56.753353
One stop kebabz,Sydney CBD,,,,,,,,No Promotion,0,False,2026-06-09T01:25:56.771836
Metro Kebabs Surryhills,Sydney CBD,,,,,,,,No Promotion,0,False,2026-06-09T01:25:56.783259
Rocky Poké Bowl,Sydney CBD,,,,,,,,No Promotion,0,False,2026-06-09T01:25:56.792613
On Baked Croissant,Sydney CBD,,,,,,,,No Promotion,0,False,2026-06-09T01:25:56.804815
Rebels N Misfits,Sydney CBD,,,,,,,,No Promotion,0,False,2026-06-09T01:25:56.814394
YangGuoFu Malatang Haymarket,Sydney CBD,,,,,,,,No Promotion,0,False,2026-06-09T01:25:56.822900
Ottoman's Kitchen NEWTOWN,Sydney CBD,,,,,,,,No Promotion,0,False,2026-06-09T01:25:56.981275
Smashistan NEWTOWN,Sydney CBD,,,,,,,,No Promotion,0,False,2026-06-09T01:25:56.987551
Centro Supermarket,Sydney CBD,,,,,,,,No Promotion,0,False,2026-06-09T01:25:56.995298
BP Clovelly,Sydney CBD,,,,,,,,No Promotion,0,False,2026-06-09T01:25:57.029880
Ready To Go,Sydney CBD,,,,,,,,No Promotion,0,False,2026-06-09T01:25:57.036167
Metro Petroleum,Sydney CBD,,,,,,,,No Promotion,0,False,2026-06-09T01:25:57.042593
Eats 2 U by EG,Sydney CBD,,,,,,,,No Promotion,0,False,2026-06-09T01:25:57.049158
Sunlite Mitre 10,Sydney CBD,,,,,,,,No Promotion,0,False,2026-06-09T01:25:57.055309
Petbarn,Sydney CBD,,,,,,,,No Promotion,0,False,2026-06-09T01:25:57.069499
Howards Storage World,Sydney CBD,,,,,,,,No Promotion,0,False,2026-06-09T01:25:57.076543
Priceline,Sydney CBD,,,,,,,,No Promotion,0,False,2026-06-09T01:25:57.093483
Kebab Masterz,Sydney CBD,,,,,,,,No Promotion,0,False,2026-06-09T01:25:57.167994
The Burger Basket,Sydney CBD,,,,,,,,No Promotion,0,False,2026-06-09T01:25:57.237052
Chubby Buns Burgers,Sydney CBD,,,,,,,,No Promotion,0,False,2026-06-09T01:25:57.246673
Supamart IGA,Sydney CBD,,,,,,,,No Promotion,0,False,2026-06-09T01:25:57.290652
QE Foodstores,Sydney CBD,,,,,,,,No Promotion,0,False,2026-06-09T01:25:57.304057
Harris Farm,Sydney CBD,,,,,,,,No Promotion,0,False,2026-06-09T01:25:57.310105
Friendly Grocer + Liquor,Sydney CBD,,,,,,,,No Promotion,0,False,2026-06-09T01:25:57.316811
IGA Local Grocer,Sydney CBD,,,,,,,,No Promotion,0,False,2026-06-09T01:25:57.322114
IGA Grocery + Liquor,Sydney CBD,,,,,,,,No Promotion,0,False,2026-06-09T01:25:57.329058
The Greener Grocer,Sydney CBD,,,,,,,,No Promotion,0,False,2026-06-09T01:25:57.335250
Romeo's Food Hall,Sydney CBD,,,,,,,,No Promotion,0,False,2026-06-09T01:25:57.341974
Foodworks,Sydney CBD,,,,,,,,No Promotion,0,False,2026-06-09T01:25:57.349102
Seafood Joint Takeaway,Sydney CBD,,,,,,,,No Promotion,0,False,2026-06-09T01:25:57.476919
Twisted Mexican,Sydney CBD,,,,,,,,No Promotion,0,False,2026-06-09T01:25:57.569436
Grill Masterz Newton,Sydney CBD,,,,,,,,No Promotion,0,False,2026-06-09T01:25:57.583609
Hand Stretched Pizza,Sydney CBD,,,,,,,,No Promotion,0,False,2026-06-09T01:25:57.606616
The Schnitz Burger,Sydney CBD,,,,,,,,No Promotion,0,False,2026-06-09T01:25:57.650028
Modern BBQ,Sydney CBD,,,,,,,,No Promotion,0,False,2026-06-09T01:25:57.732599
Jin's Kitchen,Sydney CBD,,,,,,,,No Promotion,0,False,2026-06-09T01:25:57.738527
NANASHII OMAKASE,Sydney CBD,,,,,,,,No Promotion,0,False,2026-06-09T01:25:57.745891
iPhở,Sydney CBD,,,,,,,,No Promotion,0,False,2026-06-09T01:25:57.817095
Chaco Panda 重生之我在悉尼做烤鸡,Sydney CBD,,,,,,,,No Promotion,0,False,2026-06-09T01:25:57.833936
BURGER MAFIA NEWTOWN,Sydney CBD,,,,,,,,No Promotion,0,False,2026-06-09T01:25:57.846633
Yogurt Fruit,Sydney CBD,,,,,,,,No Promotion,0,False,2026-06-09T01:25:57.870083
Urban Thai Bites,Sydney CBD,,,,,,,,No Promotion,0,False,2026-06-09T01:25:57.879584
PCTORANG,Sydney CBD,,,,,,,,No Promotion,0,False,2026-06-09T01:25:57.894270
Desi Fusion Sydney CBD,Sydney CBD,4.3,240.0,9.99,,,,,No Promotion,0,False,2026-06-09T01:25:58.468946
Dumplings & Spicy Hot Pot,Sydney CBD,4.0,1000.0,9.99,,,,,No Promotion,0,False,2026-06-09T01:25:58.537561
The Dogfellas,Sydney CBD,4.6,180.0,9.49,,,,"Top offer • Buy 1, get 1 free",Other,1,False,2026-06-09T01:25:58.559035
Broaster Chicken,Sydney CBD,4.0,3000.0,9.99,,,,,No Promotion,0,False,2026-06-09T01:25:58.589190
Lord of the Chips NEWTOWN,Sydney CBD,4.5,51.0,9.99,,,,"Top offer • Buy 1, get 1 free",Other,1,False,2026-06-09T01:25:58.603047
Callum Crepes,Sydney CBD,3.9,330.0,9.99,,,,"Top offer • Buy 1, get 1 free",Other,1,False,2026-06-09T01:25:58.636938
C.R.A.F.T Gozleme,Sydney CBD,4.4,3000.0,0.0,,,,,No Promotion,0,False,2026-06-09T01:25:58.751443
Papa Roma Pizzeria,Sydney CBD,4.4,5000.0,9.99,,,,,No Promotion,0,False,2026-06-09T01:25:58.799981
Jinzhou BBQ,Sydney CBD,3.6,1000.0,8.99,,,,,No Promotion,0,False,2026-06-09T01:25:58.835383
Metro Kebab,Sydney CBD,4.5,2000.0,9.99,,,,,No Promotion,0,False,2026-06-09T01:25:58.864501
Schnitzel and Parmi Joint,Sydney CBD,2.5,320.0,9.99,,,,,No Promotion,0,False,2026-06-09T01:25:58.881147
ChuTan,Sydney CBD,5.0,3.0,7.49,,,,,No Promotion,0,False,2026-06-09T01:25:58.930104
Iconic Kebabs,Sydney CBD,4.4,600.0,9.49,,,,,No Promotion,0,False,2026-06-09T01:25:58.967399
Crispy Crust Pizza,Sydney CBD,4.2,1500.0,9.99,,,,,No Promotion,0,False,2026-06-09T01:25:59.019501
Uncle's Sip and Bite,Sydney CBD,2.9,110.0,9.99,,,,"Top offer • Buy 1, get 1 free",Other,1,False,2026-06-09T01:25:59.047056
Hungry Wolves Kebabs,Sydney CBD,4.6,2000.0,9.99,,,,,No Promotion,0,False,2026-06-09T01:25:59.119167
The Night Owl Pizza,Sydney CBD,4.1,75.0,9.99,,,,"Top offer • Buy 1, get 1 free",Other,1,False,2026-06-09T01:25:59.144776
Pyrmont Kebab NT,Sydney CBD,3.6,50.0,9.99,,,,,No Promotion,0,False,2026-06-09T01:25:59.171826
Brothers Kebab & Burgers@Canterbury,Sydney CBD,4.3,2000.0,9.99,,,,,No Promotion,0,False,2026-06-09T01:25:59.204480
MATAAM AL ARABI,Sydney CBD,4.0,3000.0,9.99,,,,"Top offer • Buy 1, get 1 free",Other,1,False,2026-06-09T01:25:59.307558
Indian Biryani Restaurant,Sydney CBD,4.3,7000.0,9.99,,,,,No Promotion,0,False,2026-06-09T01:25:59.346050
Seoul Town Korean Burgers & Wings Newtown NSW,Sydney CBD,2.7,160.0,9.99,,,,"Buy 1, get 1 free",Other,1,False,2026-06-09T01:25:59.359857
Eighty Twenty Smash Burgerz,Sydney CBD,4.3,700.0,9.99,,,,,No Promotion,0,False,2026-06-09T01:25:59.373857
Urban Kebabs,Sydney CBD,3.9,61.0,7.99,,,,,No Promotion,0,False,2026-06-09T01:25:59.388518
Loaded Legends,Sydney CBD,,,9.49,,,,,No Promotion,0,False,2026-06-09T01:25:59.420056
Kaimi Ramen and Donburi,Sydney CBD,3.6,32.0,9.99,,,,"Buy 1, get a free item",Free Item,1,False,2026-06-09T01:25:59.452251
Crowns Gozleme,Sydney CBD,2.8,17.0,9.99,,,,,No Promotion,0,False,2026-06-09T01:25:59.470158
Al Mandi & Karahi House,Sydney CBD,3.7,1500.0,9.99,,,,"Top offer • Buy 1, get 1 free",Other,1,False,2026-06-09T01:25:59.506827
One Stop Burgers,Sydney CBD,4.3,45.0,7.99,,,,,No Promotion,0,False,2026-06-09T01:25:59.520431
Falcha Rockdale,Sydney CBD,3.9,1500.0,9.99,,,,,No Promotion,0,False,2026-06-09T01:25:59.541428
Midnight Hills Cafe,Sydney CBD,2.9,110.0,9.99,,,,,No Promotion,0,False,2026-06-09T01:25:59.589236
Pardes,Sydney CBD,4.1,220.0,9.99,,,,Top offer • 25% off (Spend $35),Percentage Discount,1,False,2026-06-09T01:25:59.603511
Nepal Ghar,Sydney CBD,4.0,100.0,9.99,,,,,No Promotion,0,False,2026-06-09T01:25:59.618552
Papa Pizza House,Sydney CBD,4.6,1500.0,9.99,,,,,No Promotion,0,False,2026-06-09T01:25:59.634013
Salad and Smoothie Bar,Sydney CBD,2.9,150.0,9.99,,,,"Top offer • Buy 1, get 1 free",Other,1,False,2026-06-09T01:25:59.654118
Arabian Bites,Sydney CBD,4.4,410.0,9.99,,,,"Buy 1, get 1 free",Other,1,False,2026-06-09T01:25:59.668370
1+1 Chicken,Sydney CBD,4.2,73.0,9.99,,,,,No Promotion,0,False,2026-06-09T01:25:59.683616
BOSS KEBABS,Sydney CBD,4.6,1000.0,9.99,,,,,No Promotion,0,False,2026-06-09T01:25:59.704333
Mr. W Wings,Sydney CBD,3.7,240.0,9.99,,,,"Buy 1, get 1 free",Other,1,False,2026-06-09T01:25:59.728673
Toscana Pasta House,Sydney CBD,3.7,700.0,9.99,,,,"Buy 1, get 1 free",Other,1,False,2026-06-09T01:25:59.772349
Ottoman's Kitchen NEWTOWN,Parramatta,4.5,85.0,8.99,,,,"Top offer • Buy 1, get 1 free",Other,1,False,2026-06-09T01:26:26.584628
Seoul Town Korean Burgers & Wings Newtown NSW,Parramatta,2.7,160.0,9.99,,,,"Buy 1, get 1 free",Other,1,False,2026-06-09T01:26:26.600500
Mad Toppings Parramatta,Parramatta,4.4,2000.0,,,,,,No Promotion,0,False,2026-06-09T01:26:26.626087
Bocca by Frankie B’s,Parramatta,4.1,1500.0,,,,,,No Promotion,0,False,2026-06-09T01:26:26.644547
I Love Pizza Parramatta,Parramatta,4.4,2000.0,,,,,,No Promotion,0,False,2026-06-09T01:26:26.657937
Camperdown Cellars,Parramatta,5.0,300.0,,,,,,No Promotion,0,False,2026-06-09T01:26:26.673137
Phuket I'm Vegan,Parramatta,,,,,,,,No Promotion,0,False,2026-06-09T01:26:26.711734
El Jannah,Parramatta,3.6,93.0,,,,,,No Promotion,0,False,2026-06-09T01:26:26.726543
Chunky Monkey NSW,Parramatta,3.1,260.0,,,,,"Top offer • Buy 1, get 1 free",Other,1,False,2026-06-09T01:26:26.741089
Berry Bites Homebush,Parramatta,3.8,140.0,,,,,,No Promotion,0,False,2026-06-09T01:26:26.760742
Thick Chick,Parramatta,,,,,,,,No Promotion,0,False,2026-06-09T01:26:26.773310
Caffe Aurora,Parramatta,,,,,,,,No Promotion,0,False,2026-06-09T01:26:26.785529
Street Flavours,Parramatta,4.4,40.0,,,,,,No Promotion,0,False,2026-06-09T01:26:26.798603
Icy Spicy Parramatta,Parramatta,3.9,410.0,,,,,,No Promotion,0,False,2026-06-09T01:26:26.812500
Gelato Messina,Parramatta,4.8,5000.0,,,,,,No Promotion,0,False,2026-06-09T01:26:26.826978
Domino's,Parramatta,4.3,1500.0,,,,,,No Promotion,0,False,2026-06-09T01:26:26.841259
No Way Jose,Parramatta,4.2,83.0,,,,,,No Promotion,0,False,2026-06-09T01:26:26.856226
Hooters,Parramatta,,,,,,,,No Promotion,0,False,2026-06-09T01:26:26.869932
K Chicken Broughton,Parramatta,4.8,67.0,,,,,,No Promotion,0,False,2026-06-09T01:26:26.883918
Ibunz,Parramatta,4.2,62.0,,,,,,No Promotion,0,False,2026-06-09T01:26:26.900349
Chilli’s Corner,Parramatta,,,,,,,,No Promotion,0,False,2026-06-09T01:26:26.912767
Al Aseel Parramatta,Parramatta,4.7,500.0,,,,,,No Promotion,0,False,2026-06-09T01:26:26.926611
Spanian's Kebabs,Parramatta,3.5,340.0,,,,,,No Promotion,0,False,2026-06-09T01:26:26.940226
Hunter & Barrel,Parramatta,4.7,270.0,,,,,,No Promotion,0,False,2026-06-09T01:26:26.954266
Harry's Cafe De Wheels,Parramatta,4.7,43.0,,,,,,No Promotion,0,False,2026-06-09T01:26:26.969344
Downtown Mo:Mo,Parramatta,4.4,130.0,,,,,,No Promotion,0,False,2026-06-09T01:26:26.981276
JaZa Cafe & Restaurant,Parramatta,,,,,,,,No Promotion,0,False,2026-06-09T01:26:26.991496
Gaga Noodle,Parramatta,4.6,700.0,,,,,,No Promotion,0,False,2026-06-09T01:26:27.005080
Fishwave,Parramatta,4.9,600.0,,,,,,No Promotion,0,False,2026-06-09T01:26:27.017665
Two Chiefs Cafe,Parramatta,4.6,55.0,,,,,,No Promotion,0,False,2026-06-09T01:26:27.029487
Soul Burger Parramatta,Parramatta,4.6,600.0,,,,,,No Promotion,0,False,2026-06-09T01:26:27.041264
Matty's Sandwiches,Parramatta,4.5,92.0,,,,,,No Promotion,0,False,2026-06-09T01:26:27.056719
Halo halo Cafe,Parramatta,,,,,,,Spend $35 / Save $5,Other,1,False,2026-06-09T01:26:27.069556
Toast Maker,Parramatta,4.8,5.0,,,,,10% off (Spend $25),Percentage Discount,1,False,2026-06-09T01:26:27.086378
Big Bite,Parramatta,4.2,34.0,,,,,,No Promotion,0,False,2026-06-09T01:26:27.100674
Chicha San Chen ･ Parramatta,Parramatta,4.7,250.0,,,,,,No Promotion,0,False,2026-06-09T01:26:27.115077
PappaRich Parramatta,Parramatta,4.5,4000.0,,,,,,No Promotion,0,False,2026-06-09T01:26:27.127935
Max Brenner,Parramatta,4.4,1500.0,,,,,,No Promotion,0,False,2026-06-09T01:26:27.142283
Rivareno Gelato Parramatta,Parramatta,4.8,500.0,,,,,,No Promotion,0,False,2026-06-09T01:26:27.155716
Halal 1915 Lanzhou Beef Noodles Parramatta,Parramatta,4.5,1000.0,,,,,,No Promotion,0,False,2026-06-09T01:26:27.169378
Fishbowl,Parramatta,4.6,5000.0,,,,,,No Promotion,0,False,2026-06-09T01:26:27.182830
Nando's,Parramatta,4.2,4000.0,,,,,,No Promotion,0,False,2026-06-09T01:26:27.196193
Mina Bakery,Parramatta,4.5,65.0,,,,,,No Promotion,0,False,2026-06-09T01:26:27.209353
Henrietta Charcoal Chicken,Parramatta,4.4,470.0,,,,,,No Promotion,0,False,2026-06-09T01:26:27.222914
Station Hotel,Parramatta,,,,,,,Spend $30 / Save $10,Other,1,False,2026-06-09T01:26:27.234028
No.1 Malatang,Parramatta,4.2,600.0,,,,,,No Promotion,0,False,2026-06-09T01:26:27.245835
SolBowl Parramatta Square,Parramatta,4.6,370.0,,,,,,No Promotion,0,False,2026-06-09T01:26:27.259873
Buddha Boy,Parramatta,4.5,51.0,,,,,,No Promotion,0,False,2026-06-09T01:26:27.273702
Wendy's Milk Bar,Parramatta,4.5,100.0,,,,,,No Promotion,0,False,2026-06-09T01:26:27.286345
Pho Pasteur,Parramatta,4.7,1500.0,,,,,,No Promotion,0,False,2026-06-09T01:26:27.300073
Taste Gallery,Parramatta,,,,,,,,No Promotion,0,False,2026-06-09T01:26:27.312383
Thai Riffic On Street Parramatta,Parramatta,4.6,10000.0,,,,,,No Promotion,0,False,2026-06-09T01:26:27.325648
EVENT Cinemas,Parramatta,4.6,13.0,,,,,,No Promotion,0,False,2026-06-09T01:26:27.339184
In The Mood For Thai Parramatta,Parramatta,4.4,2000.0,,,,,,No Promotion,0,False,2026-06-09T01:26:27.352692
Sharetea,Parramatta,4.7,280.0,,,,,,No Promotion,0,False,2026-06-09T01:26:27.366184
Doughkyo,Parramatta,5.0,12.0,,,,,,No Promotion,0,False,2026-06-09T01:26:27.379638
Urban Jungle Cafe Parramatta,Parramatta,4.8,170.0,,,,,,No Promotion,0,False,2026-06-09T01:26:27.392948
Sushi Musa Parramatta,Parramatta,4.8,460.0,,,,,Spend $30 / Save $8,Other,1,False,2026-06-09T01:26:27.411769
O Chicken,Parramatta,,,,,,,,No Promotion,0,False,2026-06-09T01:26:27.424102
Robotchef,Parramatta,5.0,2.0,,,,,Spend $30 / Save $8,Other,1,False,2026-06-09T01:26:27.440795
Nene Chicken,Parramatta,4.6,2000.0,,,,,Spend $35 / Save $10,Other,1,False,2026-06-09T01:26:27.454944
Mochi Donuts,Parramatta,4.8,200.0,,,,,,No Promotion,0,False,2026-06-09T01:26:27.468256
Boost Juice,Parramatta,4.3,80.0,,,,,,No Promotion,0,False,2026-06-09T01:26:27.482091
Guzman Y Gomez,Parramatta,4.3,4000.0,,,,,,No Promotion,0,False,2026-06-09T01:26:27.493845
Xcel Roll,Parramatta,4.8,1500.0,,,,,,No Promotion,0,False,2026-06-09T01:26:27.505490
Keventers Milkshake,Parramatta,,,,,,,Spend $30 / Save $5,Other,1,False,2026-06-09T01:26:27.516751
River Cafe Parramatta,Parramatta,4.0,92.0,,,,,,No Promotion,0,False,2026-06-09T01:26:27.530191
Cobb and Co,Parramatta,4.4,76.0,,,,,Spend $50 / Save $5,Other,1,False,2026-06-09T01:26:27.544917
Cha Bar Parramatta,Parramatta,4.7,440.0,,,,,,No Promotion,0,False,2026-06-09T01:26:27.559933
Brooklyn Bridge Deli,Parramatta,4.6,58.0,,,,,,No Promotion,0,False,2026-06-09T01:26:27.572283
Destination Roll Parramatta,Parramatta,4.6,170.0,,,,,Spend $30 / Save $10,Other,1,False,2026-06-09T01:26:27.588919
IPPUDO,Parramatta,4.5,87.0,,,,,,No Promotion,0,False,2026-06-09T01:26:27.602626
THIRSTY MONKEY,Parramatta,4.5,62.0,0.0,,,,,No Promotion,0,False,2026-06-09T01:26:27.616890
Baba Ghanouj,Parramatta,4.4,240.0,,,,,,No Promotion,0,False,2026-06-09T01:26:27.630351
Sal's Authentic New York Pizza,Parramatta,4.1,76.0,,,,,10% off (Spend $50),Percentage Discount,1,False,2026-06-09T01:26:27.652279
Gimme One Fried Skewers Parramatta,Parramatta,4.6,240.0,,,,,,No Promotion,0,False,2026-06-09T01:26:27.665980
LB Burgers Parramatta,Parramatta,4.6,6000.0,,,,,,No Promotion,0,False,2026-06-09T01:26:27.680142
Ben & Jerry's Scoop Shop,Parramatta,4.6,130.0,,,,,,No Promotion,0,False,2026-06-09T01:26:27.695283
Auntie Annes Parramatta,Parramatta,,,,,,,,No Promotion,0,False,2026-06-09T01:26:27.707413
7-Eleven,Surry Hills,4.4,800.0,2.49,,,,,No Promotion,0,False,2026-06-09T01:27:19.727776
Midnight Hills Cafe,Surry Hills,2.9,110.0,9.99,,,,,No Promotion,0,False,2026-06-09T01:27:19.758430
Brew and Bites,Surry Hills,3.2,340.0,9.99,,,,,No Promotion,0,False,2026-06-09T01:27:19.773413
Ottoman's Kitchen NEWTOWN,Surry Hills,4.5,85.0,8.99,,,,"Top offer • Buy 1, get 1 free",Other,1,False,2026-06-09T01:27:19.787217
Seoul Town Korean Burgers & Wings Newtown NSW,Surry Hills,2.7,160.0,9.99,,,,"Buy 1, get 1 free",Other,1,False,2026-06-09T01:27:19.799953
Philliez,Surry Hills,4.6,6000.0,9.99,,,,"Top offer • Buy 1, get 1 free",Other,1,False,2026-06-09T01:27:19.815271
Sonbul Korean,Surry Hills,4.8,390.0,,,,,"Buy 1, get 1 free",Other,1,False,2026-06-09T01:27:19.829306
Go Fresh,Surry Hills,4.9,23.0,,,,,,No Promotion,0,False,2026-06-09T01:27:19.845938
Hungry Jacks,Surry Hills,4.0,4000.0,,,,,,No Promotion,0,False,2026-06-09T01:27:19.858281
Chaska Seven Hills,Surry Hills,4.4,700.0,,,,,,No Promotion,0,False,2026-06-09T01:27:19.871460
Liquorland Cellars,Surry Hills,4.7,600.0,,,,,,No Promotion,0,False,2026-06-09T01:27:19.885287
Coles,Surry Hills,4.6,3000.0,,,,,,No Promotion,0,False,2026-06-09T01:27:19.902372
Liquorland,Surry Hills,4.9,3000.0,,,,,,No Promotion,0,False,2026-06-09T01:27:19.916878
Porter's Liquor,Surry Hills,4.8,220.0,,,,,Free item (Spend $35),Free Item,1,False,2026-06-09T01:27:19.930945
(Chemist2U) Terry White Chemmart Dulwich Hill,Surry Hills,4.7,58.0,0.0,,,,,No Promotion,0,False,2026-06-09T01:27:19.946318
IGA Grocery,Surry Hills,4.7,3000.0,,,,,,No Promotion,0,False,2026-06-09T01:27:19.957995
Woolworths,Surry Hills,4.7,2000.0,,,,,,No Promotion,0,False,2026-06-09T01:27:19.970335
Petbarn,Surry Hills,4.8,190.0,,,,,,No Promotion,0,False,2026-06-09T01:27:19.984566
Romeo's Food Hall,Surry Hills,4.4,900.0,,,,,,No Promotion,0,False,2026-06-09T01:27:19.997271
THAI THAI THAI,Surry Hills,,,,,,,,No Promotion,0,False,2026-06-09T01:27:20.009977
Saigon Summer Surry Hills,Surry Hills,4.6,7000.0,,,,,,No Promotion,0,False,2026-06-09T01:27:20.025132
Mana Thai Bistro,Surry Hills,4.6,89.0,,,,,,No Promotion,0,False,2026-06-09T01:27:20.039057
Butter Surry Hills,Surry Hills,4.7,7000.0,,,,,,No Promotion,0,False,2026-06-09T01:27:20.055709
Bar Stellar,Surry Hills,3.5,14.0,,,,,,No Promotion,0,False,2026-06-09T01:27:20.070216
El Jannah,Surry Hills,3.6,93.0,,,,,,No Promotion,0,False,2026-06-09T01:27:20.083448
Madame Nhu Surry Hills,Surry Hills,4.8,5000.0,,,,,,No Promotion,0,False,2026-06-09T01:27:20.097952
Baba Wu,Surry Hills,4.2,3000.0,,,,,,No Promotion,0,False,2026-06-09T01:27:20.110942
Rolls Station,Surry Hills,5.0,5.0,,,,,,No Promotion,0,False,2026-06-09T01:27:20.126642
BBT LAB,Surry Hills,3.7,43.0,,,,,,No Promotion,0,False,2026-06-09T01:27:20.145614
Brooklyn Boy Bagels Surry Hills,Surry Hills,4.6,600.0,,,,,,No Promotion,0,False,2026-06-09T01:27:20.160922
Elf&taco,Surry Hills,4.6,300.0,,,,,,No Promotion,0,False,2026-06-09T01:27:20.175835
New Town Pork Roll,Surry Hills,4.8,4.0,,,,,,No Promotion,0,False,2026-06-09T01:27:20.192869
Poke Bowl Surry Hills,Surry Hills,,,,,,,,No Promotion,0,False,2026-06-09T01:27:20.204479
Chunky Monkey NSW,Surry Hills,3.1,260.0,,,,,"Top offer • Buy 1, get 1 free",Other,1,False,2026-06-09T01:27:20.217691
Delish Tran Cafe,Surry Hills,,,,,,,,No Promotion,0,False,2026-06-09T01:27:20.229815
Bronte Belo City,Surry Hills,4.7,55.0,,,,,,No Promotion,0,False,2026-06-09T01:27:20.243621
MLK DELI,Surry Hills,4.7,180.0,,,,,,No Promotion,0,False,2026-06-09T01:27:20.257993
Reuben Hills,Surry Hills,4.8,700.0,,,,,,No Promotion,0,False,2026-06-09T01:27:20.270486
Bread N More Bakery,Surry Hills,,,,,,,,No Promotion,0,False,2026-06-09T01:27:20.281460
Camy's Chargrill Chicken Surry Hills,Surry Hills,4.7,2000.0,,,,,,No Promotion,0,False,2026-06-09T01:27:20.297391
Tokyo Express,Surry Hills,4.9,9.0,,,,,,No Promotion,0,False,2026-06-09T01:27:20.311740
Shenkin Surry Hills,Surry Hills,,,,,,,,No Promotion,0,False,2026-06-09T01:27:20.324701
Burgers By ALi,Surry Hills,,,,,,,,No Promotion,0,False,2026-06-09T01:27:20.336989
KFC,Surry Hills,4.0,430.0,,,,,,No Promotion,0,False,2026-06-09T01:27:20.350249
Hills Bros,Surry Hills,,,,,,,,No Promotion,0,False,2026-06-09T01:27:20.362489
Photown Surry Hills,Surry Hills,4.6,210.0,,,,,,No Promotion,0,False,2026-06-09T01:27:20.376352
Sushi Train,Surry Hills,4.7,1500.0,,,,,,No Promotion,0,False,2026-06-09T01:27:20.389722
Domino's,Surry Hills,4.4,4000.0,,,,,,No Promotion,0,False,2026-06-09T01:27:20.404589
Pad Thai Master,Surry Hills,4.0,52.0,,,,,,No Promotion,0,False,2026-06-09T01:27:20.419526
Aamare Cafe,Surry Hills,4.5,6.0,,,,,Spend $20 / Save $10,Other,1,False,2026-06-09T01:27:20.450278
Zeus Street Greek,Surry Hills,4.6,8000.0,,,,,,No Promotion,0,False,2026-06-09T01:27:20.466160
Cafe and Cucina,Surry Hills,4.6,21.0,,,,,Spend $25 / Save $15,Other,1,False,2026-06-09T01:27:20.479663
The India Room,Surry Hills,5.0,2.0,,,,,,No Promotion,0,False,2026-06-09T01:27:20.493399
I want biryani,Surry Hills,,,,,,,,No Promotion,0,False,2026-06-09T01:27:20.506006
BrOz Burgers,Surry Hills,4.6,13.0,,,,,,No Promotion,0,False,2026-06-09T01:27:20.520216
AMA Surry Hills,Surry Hills,4.6,110.0,,,,,,No Promotion,0,False,2026-06-09T01:27:20.534154
Subway,Surry Hills,4.6,5000.0,,,,,Spend $35 / Save $8,Other,1,False,2026-06-09T01:27:20.547502
Bondi Boulangerie,Surry Hills,4.7,12.0,,,,,20% off (Spend $25),Percentage Discount,1,False,2026-06-09T01:27:20.561705
Sushi-Mori,Surry Hills,4.2,43.0,,,,,,No Promotion,0,False,2026-06-09T01:27:20.575086
Oporto,Surry Hills,4.7,3000.0,,,,,,No Promotion,0,False,2026-06-09T01:27:20.588549
Christopher's Cake Shop,Surry Hills,4.9,600.0,,,,,,No Promotion,0,False,2026-06-09T01:27:20.603598
Soft Sip,Surry Hills,5.0,4.0,,,,,,No Promotion,0,False,2026-06-09T01:27:20.618700
bills,Surry Hills,4.6,1500.0,,,,,,No Promotion,0,False,2026-06-09T01:27:20.633886
Tbun Pty Ltd,Surry Hills,4.2,36.0,,,,,,No Promotion,0,False,2026-06-09T01:27:20.649438
Blacksmith,Surry Hills,4.6,2.0,,,,,,No Promotion,0,False,2026-06-09T01:27:20.663467
SharePHO,Surry Hills,4.5,160.0,,,,,,No Promotion,0,False,2026-06-09T01:27:20.678074
VERD Surry Hills,Surry Hills,,,,,,,,No Promotion,0,False,2026-06-09T01:27:20.690724
Desserts2u,Surry Hills,,,,,,,,No Promotion,0,False,2026-06-09T01:27:20.703049
Zen Zen Sushi,Surry Hills,4.2,700.0,,,,,Top offer • Spend $30 / Save $8,Other,1,False,2026-06-09T01:27:20.722603
Veneziano Coffee Roasters,Surry Hills,,,,,,,,No Promotion,0,False,2026-06-09T01:27:20.734577
Yummy Duck BBQ,Surry Hills,4.6,600.0,,,,,,No Promotion,0,False,2026-06-09T01:27:20.749195
Pizza Hut,Surry Hills,4.2,6000.0,,,,,,No Promotion,0,False,2026-06-09T01:27:21.105692
Fonda Mexican,Surry Hills,4.3,3000.0,,,,,Spend $50 / Save $15,Other,1,False,2026-06-09T01:27:21.118108
WingStreet,Surry Hills,3.5,250.0,,,,,Top offer • Spend $20 / Save $5,Other,1,False,2026-06-09T01:27:21.131738
Gelato Messina,Surry Hills,4.9,3000.0,,,,,,No Promotion,0,False,2026-06-09T01:27:21.148462
Avner's,Surry Hills,4.6,78.0,,,,,,No Promotion,0,False,2026-06-09T01:27:21.162301
Bacino Espresso Surry Hills,Surry Hills,4.6,170.0,,,,,,No Promotion,0,False,2026-06-09T01:27:21.176486
SHUK Surry Hills,Surry Hills,4.9,75.0,,,,,,No Promotion,0,False,2026-06-09T01:27:21.189613
The Bunsik Burger,Surry Hills,4.6,2000.0,,,,,,No Promotion,0,False,2026-06-09T01:27:21.202707
Ottoman's Kitchen NEWTOWN,Chatswood,4.5,85.0,8.99,,,,"Top offer • Buy 1, get 1 free",Other,1,False,2026-06-09T01:27:48.355198
Seoul Town Korean Burgers & Wings Newtown NSW,Chatswood,2.7,160.0,9.99,,,,"Buy 1, get 1 free",Other,1,False,2026-06-09T01:27:48.374362
CEMO Chatswood Interchange,Chatswood,4.8,37.0,,,,,,No Promotion,0,False,2026-06-09T01:27:48.391812
THAI THAI THAI,Chatswood,,,,,,,,No Promotion,0,False,2026-06-09T01:27:48.404843
El Jannah,Chatswood,3.6,93.0,,,,,,No Promotion,0,False,2026-06-09T01:27:48.418431
Chunky Monkey NSW,Chatswood,3.1,260.0,,,,,"Top offer • Buy 1, get 1 free",Other,1,False,2026-06-09T01:27:48.432212
The Japanese Bento,Chatswood,4.3,130.0,,,,,Top offer • Spend $20 / Save $5,Other,1,False,2026-06-09T01:27:48.449091
Khao Kang Thai,Chatswood,4.7,27.0,,,,,,No Promotion,0,False,2026-06-09T01:27:48.471352
Chicha San Chen ･ Chatswood,Chatswood,4.7,180.0,,,,,,No Promotion,0,False,2026-06-09T01:27:48.485373
Myung Jang Chatswood,Chatswood,,,,,,,,No Promotion,0,False,2026-06-09T01:27:48.495992
Viet Vibe,Chatswood,4.6,36.0,,,,,,No Promotion,0,False,2026-06-09T01:27:48.510203
Wootea Chatswood,Chatswood,4.9,27.0,,,,,,No Promotion,0,False,2026-06-09T01:27:48.523794
China Chilli,Chatswood,4.3,57.0,,,,,,No Promotion,0,False,2026-06-09T01:27:48.537123
Dim Joy House,Chatswood,4.2,10.0,,,,,,No Promotion,0,False,2026-06-09T01:27:48.550350
Sweet lu Westfield Chatswood,Chatswood,5.0,8.0,,,,,,No Promotion,0,False,2026-06-09T01:27:48.564543
Sushi Bar Chatswood,Chatswood,4.5,44.0,,,,,,No Promotion,0,False,2026-06-09T01:27:48.577638
Papparich,Chatswood,4.4,1500.0,,,,,,No Promotion,0,False,2026-06-09T01:27:48.590587
Peppercorn Chatswood,Chatswood,,,,,,,,No Promotion,0,False,2026-06-09T01:27:48.602015
Ippudo Chatswood Interchange,Chatswood,4.8,59.0,,,,,,No Promotion,0,False,2026-06-09T01:27:48.615150
Brooklyn Donuts,Chatswood,4.6,92.0,,,,,,No Promotion,0,False,2026-06-09T01:27:48.628455
Black Star Pastry Chatswood,Chatswood,4.7,260.0,,,,,,No Promotion,0,False,2026-06-09T01:27:48.643630
Gong Cha,Chatswood,,,,,,,,No Promotion,0,False,2026-06-09T01:27:48.656051
Haidilao Chatswood,Chatswood,4.0,23.0,,,,,,No Promotion,0,False,2026-06-09T01:27:48.669432
Kumadon Chatswood,Chatswood,4.4,77.0,,,,,,No Promotion,0,False,2026-06-09T01:27:48.682957
Guilin Rice Noodles,Chatswood,4.2,43.0,,,,,,No Promotion,0,False,2026-06-09T01:27:48.699405
AN VIET STREET FOOD CHATSWOOD,Chatswood,4.7,2000.0,,,,,,No Promotion,0,False,2026-06-09T01:27:48.712825
KHAO PLA,Chatswood,4.6,2000.0,,,,,,No Promotion,0,False,2026-06-09T01:27:48.726069
Sinjeon Chatswood,Chatswood,4.4,180.0,,,,,,No Promotion,0,False,2026-06-09T01:27:48.739818
Miss Coconut,Chatswood,4.9,35.0,,,,,,No Promotion,0,False,2026-06-09T01:27:48.753112
Singapore Gourmet Food,Chatswood,5.0,5.0,,,,,,No Promotion,0,False,2026-06-09T01:27:48.766472
The Smelly Cheesecake,Chatswood,4.1,36.0,,,,,,No Promotion,0,False,2026-06-09T01:27:48.782648
Mixue Chatswood,Chatswood,4.4,53.0,,,,,,No Promotion,0,False,2026-06-09T01:27:48.795042
Luwei Chatswood,Chatswood,4.5,14.0,,,,,,No Promotion,0,False,2026-06-09T01:27:48.808102
Spicy Joint,Chatswood,4.6,900.0,,,,,,No Promotion,0,False,2026-06-09T01:27:48.821174
Fun House Malatang,Chatswood,,,,,,,,No Promotion,0,False,2026-06-09T01:27:48.832353
Canton Cafe-Chatswood,Chatswood,4.3,88.0,,,,,,No Promotion,0,False,2026-06-09T01:27:48.845348
Hakatamon Ramen Chatswood,Chatswood,4.6,460.0,,,,,,No Promotion,0,False,2026-06-09T01:27:48.858348
Enjoy Mie Express Chatswood,Chatswood,4.9,60.0,,,,,,No Promotion,0,False,2026-06-09T01:27:48.871706
Mochi Donuts Chatswood Interchange,Chatswood,4.9,440.0,,,,,,No Promotion,0,False,2026-06-09T01:27:48.885157
Zhang Liang Malatang Chatswood,Chatswood,4.4,600.0,,,,,,No Promotion,0,False,2026-06-09T01:27:48.898778
Hokkaido Baked Cheese Tart x Pafu,Chatswood,5.0,9.0,,,,,,No Promotion,0,False,2026-06-09T01:27:48.912368
CHACHUS,Chatswood,4.1,500.0,,,,,,No Promotion,0,False,2026-06-09T01:27:48.926402
An Indian Tiffin,Chatswood,3.5,55.0,,,,,,No Promotion,0,False,2026-06-09T01:27:48.939516
Fire Tiger,Chatswood,4.4,29.0,,,,,,No Promotion,0,False,2026-06-09T01:27:48.952983
Kwafood Fried Skewer,Chatswood,4.8,38.0,,,,,,No Promotion,0,False,2026-06-09T01:27:48.966109
Mikazuki Chatswood,Chatswood,4.5,170.0,,,,,,No Promotion,0,False,2026-06-09T01:27:48.979517
OMI,Chatswood,4.6,600.0,,,,,,No Promotion,0,False,2026-06-09T01:27:48.993420
Gimme One Fried Skewers Chatswood,Chatswood,4.5,37.0,,,,,,No Promotion,0,False,2026-06-09T01:27:49.007988
Xing Fu Tang Chatswood,Chatswood,,,,,,,,No Promotion,0,False,2026-06-09T01:27:49.019789
I am Hotteok,Chatswood,,,,,,,,No Promotion,0,False,2026-06-09T01:27:49.031566
The Yook,Chatswood,4.7,150.0,,,,,,No Promotion,0,False,2026-06-09T01:27:49.044379
Milk Flower Chatswood,Chatswood,4.9,420.0,,,,,,No Promotion,0,False,2026-06-09T01:27:49.057370
OMMI DON Chatswood,Chatswood,5.0,13.0,,,,,,No Promotion,0,False,2026-06-09T01:27:49.069163
Seabay Kitchen,Chatswood,,,,,,,,No Promotion,0,False,2026-06-09T01:27:49.078974
Banh Cuon Ba Oanh,Chatswood,4.5,25.0,,,,,,No Promotion,0,False,2026-06-09T01:27:49.094438
Kajiken Chatswood,Chatswood,4.9,85.0,,,,,,No Promotion,0,False,2026-06-09T01:27:49.111606
Mamak,Chatswood,4.7,2000.0,,,,,,No Promotion,0,False,2026-06-09T01:27:49.124701
Red Chilli Sichuan Restaurant Chatswood,Chatswood,4.9,50.0,,,,,,No Promotion,0,False,2026-06-09T01:27:49.138465
Chinatown Noodle Restaurant,Chatswood,4.6,190.0,,,,,,No Promotion,0,False,2026-06-09T01:27:49.151471
Seocho-Dong,Chatswood,4.6,5000.0,,,,,,No Promotion,0,False,2026-06-09T01:27:49.164825
Coco Town Chatswood,Chatswood,,,,,,,,No Promotion,0,False,2026-06-09T01:27:49.176414
VENCHI Chatswood Chase,Chatswood,5.0,2.0,,,,,,No Promotion,0,False,2026-06-09T01:27:49.189545
Meet Fresh,Chatswood,4.7,1500.0,,,,,,No Promotion,0,False,2026-06-09T01:27:49.202946
Chatswood BBQ & Hotpot 東泰林燒臘美食坊,Chatswood,4.6,600.0,,,,,,No Promotion,0,False,2026-06-09T01:27:49.216210
Viet Senses,Chatswood,4.7,250.0,,,,,,No Promotion,0,False,2026-06-09T01:27:49.229711
Tommy's Kebabs & Burgers,Chatswood,5.0,81.0,,,,,,No Promotion,0,False,2026-06-09T01:27:49.245498
Shuk,Chatswood,4.8,900.0,,,,,,No Promotion,0,False,2026-06-09T01:27:49.258653
Kong Chai Kee Chatswood,Chatswood,4.3,130.0,,,,,,No Promotion,0,False,2026-06-09T01:27:49.271710
Kitaya Cafe Chatswood,Chatswood,4.9,10.0,,,,,,No Promotion,0,False,2026-06-09T01:27:49.285434
Myeongdong Korean Restaurant,Chatswood,4.5,900.0,,,,,,No Promotion,0,False,2026-06-09T01:27:49.298378
TenkoMori Chatswood,Chatswood,4.3,40.0,,,,,,No Promotion,0,False,2026-06-09T01:27:49.311449
Tre Viet Restaurant,Chatswood,4.9,11.0,,,,,,No Promotion,0,False,2026-06-09T01:27:49.324508
Nomu Korean Fried Chicken,Chatswood,4.6,210.0,,,,,,No Promotion,0,False,2026-06-09T01:27:49.337577
Oh!Matcha Chatswood,Chatswood,4.3,20.0,,,,,Spend $30 / Save $8,Other,1,False,2026-06-09T01:27:49.351465
Savoy Cake,Chatswood,5.0,4.0,0.0,,,,,No Promotion,0,False,2026-06-09T01:27:49.364305
Burger Point Chatswood,Chatswood,4.5,340.0,,,,,,No Promotion,0,False,2026-06-09T01:27:49.378761
Manpuku Chatswood,Chatswood,4.8,3000.0,,,,,,No Promotion,0,False,2026-06-09T01:27:49.393152
Lady Chai,Chatswood,3.4,13.0,,,,,,No Promotion,0,False,2026-06-09T01:27:49.404408
Master Skewer Chatswood,Chatswood,4.5,17.0,,,,,,No Promotion,0,False,2026-06-09T01:27:49.417053
